{"46":{"u":0,"v":0,"w":0.109375,"h":0.12890625,"vx":0,"vy":0,"vw":28,"vh":33},"48":{"u":0.109375,"v":0,"w":0.109375,"h":0.12890625,"vx":0,"vy":0,"vw":28,"vh":33},"49":{"u":0.21875,"v":0,"w":0.109375,"h":0.12890625,"vx":0,"vy":0,"vw":28,"vh":33},"50":{"u":0.328125,"v":0,"w":0.109375,"h":0.12890625,"vx":0,"vy":0,"vw":28,"vh":33},"51":{"u":0.4375,"v":0,"w":0.109375,"h":0.12890625,"vx":0,"vy":0,"vw":28,"vh":33},"52":{"u":0.546875,"v":0,"w":0.109375,"h":0.12890625,"vx":0,"vy":0,"vw":28,"vh":33},"53":{"u":0.65625,"v":0,"w":0.109375,"h":0.12890625,"vx":0,"vy":0,"vw":28,"vh":33},"54":{"u":0.765625,"v":0,"w":0.109375,"h":0.12890625,"vx":0,"vy":0,"vw":28,"vh":33},"55":{"u":0.875,"v":0,"w":0.109375,"h":0.12890625,"vx":0,"vy":0,"vw":28,"vh":33},"56":{"u":0,"v":0.12890625,"w":0.109375,"h":0.12890625,"vx":0,"vy":0,"vw":28,"vh":33},"57":{"u":0.109375,"v":0.12890625,"w":0.109375,"h":0.12890625,"vx":0,"vy":0,"vw":28,"vh":33},"65":{"u":0.109375,"v":0.515625,"w":0.109375,"h":0.12890625,"vx":0,"vy":0,"vw":28,"vh":33},"66":{"u":0.21875,"v":0.515625,"w":0.109375,"h":0.12890625,"vx":0,"vy":0,"vw":28,"vh":33},"67":{"u":0.328125,"v":0.515625,"w":0.109375,"h":0.12890625,"vx":0,"vy":0,"vw":28,"vh":33},"68":{"u":0.4375,"v":0.515625,"w":0.109375,"h":0.12890625,"vx":0,"vy":0,"vw":28,"vh":33},"69":{"u":0.546875,"v":0.515625,"w":0.109375,"h":0.12890625,"vx":0,"vy":0,"vw":28,"vh":33},"70":{"u":0.65625,"v":0.515625,"w":0.109375,"h":0.12890625,"vx":0,"vy":0,"vw":28,"vh":33},"71":{"u":0.765625,"v":0.515625,"w":0.109375,"h":0.12890625,"vx":0,"vy":0,"vw":28,"vh":33},"72":{"u":0.875,"v":0.515625,"w":0.109375,"h":0.12890625,"vx":0,"vy":0,"vw":28,"vh":33},"73":{"u":0,"v":0.64453125,"w":0.109375,"h":0.12890625,"vx":0,"vy":0,"vw":28,"vh":33},"74":{"u":0.109375,"v":0.64453125,"w":0.109375,"h":0.12890625,"vx":0,"vy":0,"vw":28,"vh":33},"75":{"u":0.21875,"v":0.64453125,"w":0.109375,"h":0.12890625,"vx":0,"vy":0,"vw":28,"vh":33},"76":{"u":0.328125,"v":0.64453125,"w":0.109375,"h":0.12890625,"vx":0,"vy":0,"vw":28,"vh":33},"77":{"u":0.4375,"v":0.64453125,"w":0.109375,"h":0.12890625,"vx":0,"vy":0,"vw":28,"vh":33},"78":{"u":0.546875,"v":0.64453125,"w":0.109375,"h":0.12890625,"vx":0,"vy":0,"vw":28,"vh":33},"79":{"u":0.65625,"v":0.64453125,"w":0.109375,"h":0.12890625,"vx":0,"vy":0,"vw":28,"vh":33},"80":{"u":0.765625,"v":0.64453125,"w":0.109375,"h":0.12890625,"vx":0,"vy":0,"vw":28,"vh":33},"81":{"u":0.875,"v":0.64453125,"w":0.109375,"h":0.12890625,"vx":0,"vy":0,"vw":28,"vh":33},"82":{"u":0,"v":0.7734375,"w":0.109375,"h":0.12890625,"vx":0,"vy":0,"vw":28,"vh":33},"83":{"u":0.109375,"v":0.7734375,"w":0.109375,"h":0.12890625,"vx":0,"vy":0,"vw":28,"vh":33},"84":{"u":0.21875,"v":0.7734375,"w":0.109375,"h":0.12890625,"vx":0,"vy":0,"vw":28,"vh":33},"85":{"u":0.328125,"v":0.7734375,"w":0.109375,"h":0.12890625,"vx":0,"vy":0,"vw":28,"vh":33},"86":{"u":0.4375,"v":0.7734375,"w":0.109375,"h":0.12890625,"vx":0,"vy":0,"vw":28,"vh":33},"87":{"u":0.546875,"v":0.7734375,"w":0.109375,"h":0.12890625,"vx":0,"vy":0,"vw":28,"vh":33},"88":{"u":0.65625,"v":0.7734375,"w":0.109375,"h":0.12890625,"vx":0,"vy":0,"vw":28,"vh":33},"89":{"u":0.765625,"v":0.7734375,"w":0.109375,"h":0.12890625,"vx":0,"vy":0,"vw":28,"vh":33},"90":{"u":0.875,"v":0.7734375,"w":0.109375,"h":0.12890625,"vx":0,"vy":0,"vw":28,"vh":33},"97":{"u":0.21875,"v":0.12890625,"w":0.109375,"h":0.12890625,"vx":0,"vy":0,"vw":28,"vh":33},"98":{"u":0.328125,"v":0.12890625,"w":0.109375,"h":0.12890625,"vx":0,"vy":0,"vw":28,"vh":33},"99":{"u":0.4375,"v":0.12890625,"w":0.109375,"h":0.12890625,"vx":0,"vy":0,"vw":28,"vh":33},"100":{"u":0.546875,"v":0.12890625,"w":0.109375,"h":0.12890625,"vx":0,"vy":0,"vw":28,"vh":33},"101":{"u":0.65625,"v":0.12890625,"w":0.109375,"h":0.12890625,"vx":0,"vy":0,"vw":28,"vh":33},"102":{"u":0.765625,"v":0.12890625,"w":0.109375,"h":0.12890625,"vx":0,"vy":0,"vw":28,"vh":33},"103":{"u":0.875,"v":0.12890625,"w":0.109375,"h":0.12890625,"vx":0,"vy":0,"vw":28,"vh":33},"104":{"u":0,"v":0.2578125,"w":0.109375,"h":0.12890625,"vx":0,"vy":0,"vw":28,"vh":33},"105":{"u":0.109375,"v":0.2578125,"w":0.109375,"h":0.12890625,"vx":0,"vy":0,"vw":28,"vh":33},"106":{"u":0.21875,"v":0.2578125,"w":0.109375,"h":0.12890625,"vx":0,"vy":0,"vw":28,"vh":33},"107":{"u":0.328125,"v":0.2578125,"w":0.109375,"h":0.12890625,"vx":0,"vy":0,"vw":28,"vh":33},"108":{"u":0.4375,"v":0.2578125,"w":0.109375,"h":0.12890625,"vx":0,"vy":0,"vw":28,"vh":33},"109":{"u":0.546875,"v":0.2578125,"w":0.109375,"h":0.12890625,"vx":0,"vy":0,"vw":28,"vh":33},"110":{"u":0.65625,"v":0.2578125,"w":0.109375,"h":0.12890625,"vx":0,"vy":0,"vw":28,"vh":33},"111":{"u":0.765625,"v":0.2578125,"w":0.109375,"h":0.12890625,"vx":0,"vy":0,"vw":28,"vh":33},"112":{"u":0.875,"v":0.2578125,"w":0.109375,"h":0.12890625,"vx":0,"vy":0,"vw":28,"vh":33},"113":{"u":0,"v":0.38671875,"w":0.109375,"h":0.12890625,"vx":0,"vy":0,"vw":28,"vh":33},"114":{"u":0.109375,"v":0.38671875,"w":0.109375,"h":0.12890625,"vx":0,"vy":0,"vw":28,"vh":33},"115":{"u":0.21875,"v":0.38671875,"w":0.109375,"h":0.12890625,"vx":0,"vy":0,"vw":28,"vh":33},"116":{"u":0.328125,"v":0.38671875,"w":0.109375,"h":0.12890625,"vx":0,"vy":0,"vw":28,"vh":33},"117":{"u":0.4375,"v":0.38671875,"w":0.109375,"h":0.12890625,"vx":0,"vy":0,"vw":28,"vh":33},"118":{"u":0.546875,"v":0.38671875,"w":0.109375,"h":0.12890625,"vx":0,"vy":0,"vw":28,"vh":33},"119":{"u":0.65625,"v":0.38671875,"w":0.109375,"h":0.12890625,"vx":0,"vy":0,"vw":28,"vh":33},"120":{"u":0.765625,"v":0.38671875,"w":0.109375,"h":0.12890625,"vx":0,"vy":0,"vw":28,"vh":33},"121":{"u":0.875,"v":0.38671875,"w":0.109375,"h":0.12890625,"vx":0,"vy":0,"vw":28,"vh":33},"122":{"u":0,"v":0.515625,"w":0.109375,"h":0.12890625,"vx":0,"vy":0,"vw":28,"vh":33}}